latitude	longitude	altitude_feet	altitude_meters	speed_kmh	speed_kts	speed_mph	verticalSpeed_fpm	verticalSpeed_ms	heading	squawk	timestamp
52.415215	16.837097	0	0	0	0	0	0	0	0	0	1697289275
52.415398	16.837332	0	0	16.7	9	10.4	0	0	70	0	1697289306
52.415421	16.837568	0	0	18.5	10	11.5	0	0	87	0	1697289309
52.415421	16.837824	0	0	20.4	11	12.7	0	0	92	0	1697289312
52.415409	16.838177	0	0	22.2	12	13.8	0	0	95	0	1697289316
52.415382	16.838474	0	0	22.2	12	13.8	0	0	98	0	1697289319
52.415314	16.838741	0	0	18.5	10	11.5	0	0	135	7000	1697289323
52.415085	16.838942	0	0	18.5	10	11.5	0	0	160	7000	1697289328
52.414867	16.839104	0	0	9.3	5	5.8	0	0	123	7000	1697289335
52.415211	16.837101	0	0	1.9	1	1.2	0	0	351	7000	1697289355
52.414925	16.839256	0	0	0	0	0	0	0	0	0	1697290286
52.415176	16.839176	0	0	13	7	8.1	0	0	351	3701	1697290947
52.41544	16.839218	0	0	16.7	9	10.4	0	0	14	3701	1697290954
52.415668	16.83939	0	0	18.5	10	11.5	0	0	25	3701	1697290959
52.41589	16.83955	0	0	20.4	11	12.7	0	0	22	3701	1697290964
52.416138	16.839695	0	0	20.4	11	12.7	0	0	22	3701	1697290969
52.416389	16.839844	0	0	22.2	12	13.8	0	0	19	3701	1697290974
52.41671	16.840038	0	0	18.5	10	11.5	0	0	22	3701	1697290981
52.416992	16.840216	0	0	16.7	9	10.4	0	0	19	3701	1697290987
52.417236	16.840363	0	0	0	0	0	0	0	16	3701	1697291091
52.417469	16.84053	0	0	14.8	8	9.2	0	0	22	3701	1697291100
52.417763	16.840706	0	0	18.5	10	11.5	0	0	19	3701	1697291107
52.418076	16.840883	0	0	16.7	9	10.4	0	0	14	3701	1697291114
52.418262	16.840668	0	0	11.1	6	6.9	0	0	286	3701	1697291122
52.418312	16.840439	0	0	11.1	6	6.9	0	0	289	3701	1697291129
52.418358	16.84021	0	0	22.2	12	13.8	0	0	289	3701	1697291133
52.418415	16.839941	0	0	40.7	22	25.3	0	0	289	3701	1697291135
52.418495	16.83955	0	0	57.4	31	35.7	0	0	286	3701	1697291137
52.41861	16.83906	475	145	68.5	37	42.6	0	0	286	3701	1697291139
52.419296	16.835251	475	145	125.9	68	78.3	64	0.3	284	3701	1697291148
52.420212	16.830292	550	168	148.2	80	92.1	512	2.6	286	3701	1697291157
52.421219	16.824934	700	213	153.7	83	95.5	960	4.9	286	3701	1697291166
52.422272	16.819382	825	251	164.8	89	102.4	768	3.9	288	3701	1697291175
52.423508	16.813354	950	290	175.9	95	109.3	448	2.3	287	3701	1697291184
52.424801	16.806728	1050	320	190.8	103	118.5	832	4.2	288	3701	1697291193
52.426151	16.799665	1200	366	200	108	124.3	1088	5.5	286	3701	1697291202
52.427444	16.792831	1425	434	192.6	104	119.7	1664	8.5	286	3701	1697291211
52.428806	16.785933	1600	488	192.6	104	119.7	1152	5.9	288	3701	1697291220
52.430237	16.779251	1775	541	194.5	105	120.8	1280	6.5	289	3701	1697291229
52.431839	16.772308	1975	602	201.9	109	125.4	1472	7.5	290	3701	1697291238
52.433323	16.765371	2200	671	196.3	106	122	1472	7.5	289	3701	1697291247
52.434814	16.758499	2425	739	196.3	106	122	1408	7.2	288	3701	1697291257
52.436188	16.751785	2625	800	196.3	106	122	1280	6.5	289	3701	1697291266
52.43742	16.744656	2825	861	198.2	107	123.1	1280	6.5	276	3701	1697291274
52.43737	16.742222	2875	876	201.9	109	125.4	1088	5.5	265	3701	1697291277
52.436966	16.739349	2950	899	200	108	124.3	1152	5.9	252	3701	1697291281
52.436371	16.737289	3025	922	203.7	110	126.6	1280	6.5	242	3701	1697291284
52.435555	16.735239	3075	937	209.3	113	130	1152	5.9	231	3701	1697291287
52.434402	16.733322	3125	953	213	115	132.3	1088	5.5	222	3701	1697291290
52.432983	16.73172	3175	968	218.5	118	135.8	1088	5.5	212	3701	1697291293
52.431564	16.730652	3250	991	224.1	121	139.2	1280	6.5	201	3701	1697291296
52.429825	16.729813	3300	1006	229.6	124	142.7	1152	5.9	193	3701	1697291299
52.428314	16.729507	3350	1021	235.2	127	146.1	1024	5.2	184	3701	1697291302
52.426529	16.72966	3425	1044	238.9	129	148.5	1216	6.2	175	3701	1697291305
52.424664	16.730295	3500	1067	244.5	132	151.9	1408	7.2	165	3701	1697291308
52.422939	16.731314	3550	1082	250	135	155.4	1280	6.5	155	3701	1697291311
52.421173	16.732962	3625	1105	255.6	138	158.8	1216	6.2	147	3701	1697291314
52.419525	16.735153	3700	1128	261.1	141	162.3	1344	6.8	138	3701	1697291317
52.418106	16.737366	3750	1143	263	142	163.4	1152	5.9	134	3701	1697291320
52.41687	16.739655	3775	1151	266.7	144	165.7	768	3.9	131	3701	1697291323
52.415493	16.742222	3825	1166	270.4	146	168	576	2.9	130	3701	1697291326
52.414188	16.744812	3850	1173	270.4	146	168	768	3.9	129	3701	1697291329
52.412842	16.747437	3925	1196	272.2	147	169.2	1024	5.2	129	3701	1697291332
52.411533	16.750149	3975	1212	272.2	147	169.2	1216	6.2	129	3701	1697291335
52.410324	16.752581	4050	1234	272.2	147	169.2	1216	6.2	129	3701	1697291338
52.409023	16.755171	4100	1250	272.2	147	169.2	1088	5.5	129	3701	1697291341
52.407669	16.757813	4150	1265	274.1	148	170.3	1024	5.2	129	3701	1697291344
52.406368	16.760349	4175	1273	277.8	150	172.6	704	3.6	129	3701	1697291347
52.405018	16.763096	4200	1280	285.2	154	177.2	320	1.6	129	3701	1697291350
52.40062	16.771774	4200	1280	300	162	186.4	0	0	129	3701	1697291359
52.396313	16.780283	4200	1280	303.7	164	188.7	-64	-0.3	129	3701	1697291368
52.391937	16.789072	4200	1280	311.1	168	193.3	0	0	129	3701	1697291377
52.387344	16.798096	4200	1280	316.7	171	196.8	-128	-0.7	130	3701	1697291386
52.382538	16.807404	4200	1280	316.7	171	196.8	0	0	129	3701	1697291396
52.378006	16.816406	4200	1280	316.7	171	196.8	0	0	129	3701	1697291405
52.37352	16.82518	4200	1280	320.4	173	199.1	-64	-0.3	129	3701	1697291414
52.368713	16.834641	4200	1280	320.4	173	199.1	-64	-0.3	130	3701	1697291423
52.364136	16.843491	4200	1280	324.1	175	201.4	-64	-0.3	130	3701	1697291432
52.359348	16.852713	4200	1280	324.1	175	201.4	0	0	130	3701	1697291441
52.354462	16.861973	4200	1280	324.1	175	201.4	64	0.3	130	3701	1697291450
52.349808	16.87084	4200	1280	326	176	202.5	0	0	130	3701	1697291459
52.344872	16.8801	4200	1280	324.1	175	201.4	128	0.7	130	3701	1697291468
52.340149	16.889038	4200	1280	324.1	175	201.4	-128	-0.7	130	3701	1697291477
52.335236	16.898386	4200	1280	324.1	175	201.4	64	0.3	130	3701	1697291486
52.332024	16.904428	4200	1280	326	176	202.5	0	0	131	3701	1697291492
52.327286	16.913376	4200	1280	326	176	202.5	0	0	130	3701	1697291502
52.322479	16.922556	4200	1280	326	176	202.5	0	0	130	3701	1697291511
52.317451	16.932051	4200	1280	326	176	202.5	0	0	131	3701	1697291520
52.312592	16.941223	4200	1280	327.8	177	203.7	-64	-0.3	130	3701	1697291529
52.307957	16.950335	4200	1280	327.8	177	203.7	0	0	126	3701	1697291538
52.306732	16.953735	4200	1280	331.5	179	206	-64	-0.3	118	3701	1697291541
52.305767	16.957632	4200	1280	333.4	180	207.1	-64	-0.3	109	3701	1697291544
52.305176	16.96167	4200	1280	333.4	180	207.1	64	0.3	100	3701	1697291547
52.304745	16.966108	4200	1280	331.5	179	206	128	0.7	97	3701	1697291550
52.304512	16.969639	4200	1280	331.5	179	206	64	0.3	96	3701	1697291553
52.304214	16.97403	4200	1280	333.4	180	207.1	-128	-0.7	96	3701	1697291556
52.303905	16.977957	4200	1280	333.4	180	207.1	-64	-0.3	97	3701	1697291559
52.303619	16.982193	4200	1280	335.2	181	208.3	0	0	97	3701	1697291562
52.303303	16.986118	4200	1280	333.4	180	207.1	-64	-0.3	97	3701	1697291565
52.30302	16.989885	4200	1280	333.4	180	207.1	0	0	97	3701	1697291568
52.30265	16.994202	4200	1280	333.4	180	207.1	0	0	97	3701	1697291571
52.302322	16.998203	4200	1280	333.4	180	207.1	0	0	97	3701	1697291574
52.301331	17.010269	4200	1280	335.2	181	208.3	-128	-0.7	97	3701	1697291583
52.300232	17.02301	4175	1273	337.1	182	209.4	-256	-1.3	98	3701	1697291592
52.29911	17.035872	4100	1250	342.6	185	212.9	-640	-3.3	98	3701	1697291601
52.298321	17.043955	4050	1234	344.5	186	214	-576	-2.9	98	3701	1697291607
52.297203	17.056196	3950	1204	342.6	185	212.9	-576	-2.9	98	3701	1697291616
52.296413	17.069223	3875	1181	344.5	186	214	-640	-3.3	90	3701	1697291625
52.296692	17.073381	3825	1166	340.8	184	211.7	-640	-3.3	80	3701	1697291628
52.297348	17.077255	3800	1158	335.2	181	208.3	-512	-2.6	72	3701	1697291631
52.298367	17.081072	3800	1158	329.7	178	204.8	-384	-2	64	3701	1697291635
52.299728	17.084579	3750	1143	324.1	175	201.4	-576	-2.9	54	3701	1697291638
52.301285	17.087555	3725	1135	320.4	173	199.1	-640	-3.3	47	3701	1697291641
52.303116	17.089996	3700	1128	311.1	168	193.3	-640	-3.3	37	3701	1697291644
52.305038	17.09198	3675	1120	303.7	164	188.7	-512	-2.6	29	3701	1697291647
52.307098	17.09343	3650	1113	298.2	161	185.3	-576	-2.9	21	3701	1697291650
52.309307	17.09457	3625	1105	294.5	159	183	-512	-2.6	17	3701	1697291653
52.311123	17.095432	3600	1097	294.5	159	183	-576	-2.9	16	3701	1697291655
52.313461	17.096481	3550	1082	294.5	159	183	-704	-3.6	15	3701	1697291659
52.315613	17.097473	3525	1074	296.3	160	184.1	-640	-3.3	15	3701	1697291662
52.317719	17.098541	3475	1059	294.5	159	183	-640	-3.3	16	3701	1697291665
52.31992	17.099514	3450	1052	290.8	157	180.7	-576	-2.9	16	3701	1697291668
52.32193	17.100525	3425	1044	288.9	156	179.5	-576	-2.9	15	3701	1697291671
52.324062	17.101553	3400	1036	285.2	154	177.2	-704	-3.6	16	3701	1697291674
52.326111	17.102495	3350	1021	281.5	152	174.9	-576	-2.9	15	3701	1697291677
52.328293	17.1035	3325	1013	277.8	150	172.6	-448	-2.3	15	3701	1697291680
52.334351	17.10634	3225	983	275.9	149	171.5	-896	-4.6	16	3701	1697291689
52.340012	17.109146	3150	960	266.7	144	165.7	-640	-3.3	17	3701	1697291698
52.345642	17.111969	3050	930	257.4	139	160	-640	-3.3	16	3701	1697291707
52.347656	17.112732	3025	922	251.9	136	156.5	-704	-3.6	10	3701	1697291710
52.349667	17.112932	3000	914	240.8	130	149.6	-448	-2.3	3	3701	1697291713
52.351345	17.112539	3000	914	225.9	122	140.4	128	0.7	349	3701	1697291716
52.352829	17.111816	3000	914	211.1	114	131.2	0	0	339	3701	1697291719
52.354229	17.110579	2975	907	200	108	124.3	-64	-0.3	330	3701	1697291722
52.355438	17.109243	3000	914	192.6	104	119.7	64	0.3	325	3701	1697291725
52.356628	17.107849	3000	914	185.2	100	115.1	0	0	323	3701	1697291728
52.357727	17.106476	3000	914	183.3	99	113.9	0	0	322	3701	1697291731
52.358791	17.105164	3000	914	185.2	100	115.1	0	0	323	3701	1697291734
52.359879	17.103882	3000	914	185.2	100	115.1	64	0.3	323	3701	1697291737
52.361073	17.102495	3000	914	187.1	101	116.2	128	0.7	324	3701	1697291740
52.36219	17.101162	3000	914	188.9	102	117.4	-256	-1.3	323	3701	1697291743
52.363312	17.099838	3000	914	188.9	102	117.4	0	0	323	3701	1697291746
52.36441	17.098465	3000	914	188.9	102	117.4	0	0	323	3701	1697291749
52.367615	17.093887	3000	914	185.2	100	115.1	-64	-0.3	308	3701	1697291758
52.368336	17.092058	3000	914	183.3	99	113.9	0	0	301	3701	1697291761
52.36908	17.089861	3000	914	183.3	99	113.9	64	0.3	295	3701	1697291764
52.369591	17.087742	3000	914	183.3	99	113.9	0	0	290	3701	1697291767
52.370041	17.085495	3000	914	183.3	99	113.9	-64	-0.3	287	3701	1697291771
52.37043	17.083426	3000	914	183.3	99	113.9	-64	-0.3	286	3701	1697291773
52.370819	17.081223	3000	914	185.2	100	115.1	64	0.3	286	3701	1697291777
52.37114	17.079315	3000	914	185.2	100	115.1	0	0	286	3701	1697291779
52.371593	17.076914	3000	914	185.2	100	115.1	-64	-0.3	287	3701	1697291782
52.371967	17.074873	3000	914	183.3	99	113.9	0	0	287	3701	1697291785
52.372433	17.072754	3000	914	181.5	98	112.8	64	0.3	288	3701	1697291789
52.372879	17.070541	3000	914	183.3	99	113.9	64	0.3	288	3701	1697291791
52.373383	17.068329	3000	914	181.5	98	112.8	-64	-0.3	289	3701	1697291795
52.374851	17.061768	3000	914	187.1	101	116.2	64	0.3	290	3701	1697291804
52.376202	17.055803	3000	914	188.9	102	117.4	0	0	290	3701	1697291812
52.377731	17.048798	3000	914	187.1	101	116.2	128	0.7	288	3701	1697291822
52.379044	17.042227	3025	922	175.9	95	109.3	-128	-0.7	288	3701	1697291831
52.380207	17.036264	2975	907	179.6	97	111.6	-384	-2	287	3701	1697291840
52.381557	17.029514	2875	876	187.1	101	116.2	-512	-2.6	287	3701	1697291849
52.382858	17.022766	2800	853	196.3	106	122	-576	-2.9	287	3701	1697291858
52.384186	17.015686	2725	831	216.7	117	134.6	-768	-3.9	287	3701	1697291867
52.385838	17.0077	2625	800	224.1	121	139.2	-704	-3.6	288	3701	1697291876
52.38739	16.999664	2500	762	222.2	120	138.1	-640	-3.3	287	3701	1697291885
52.388397	16.994476	2425	739	213	115	132.3	-768	-3.9	287	3701	1697291891
52.389889	16.986982	2325	709	209.3	113	130	-704	-3.6	287	3701	1697291900
52.391239	16.979841	2225	678	196.3	106	122	-512	-2.6	287	3701	1697291909
52.392544	16.972935	2175	663	188.9	102	117.4	-384	-2	287	3701	1697291919
52.393753	16.966553	2075	632	177.8	96	110.5	-640	-3.3	288	3701	1697291928
52.394989	16.960526	2000	610	163	88	101.3	-384	-2	288	3701	1697291937
52.396042	16.955032	1925	587	150	81	93.2	-512	-2.6	287	3701	1697291946
52.397049	16.949844	1850	564	138.9	75	86.3	-512	-2.6	287	3701	1697291955
52.397964	16.94519	1800	549	135.2	73	84	-256	-1.3	287	3701	1697291964
52.398968	16.939741	1750	533	157.4	85	97.8	-448	-2.3	288	3701	1697291973
52.400162	16.934052	1675	511	174.1	94	108.2	-576	-2.9	289	3701	1697291982
52.401482	16.927656	1600	488	181.5	98	112.8	-448	-2.3	288	3701	1697291991
52.402679	16.921234	1500	457	187.1	101	116.2	-576	-2.9	287	3701	1697292000
52.403576	16.916513	1450	442	192.6	104	119.7	-576	-2.9	287	3701	1697292006
52.404877	16.909607	1375	419	198.2	107	123.1	-704	-3.6	287	3701	1697292015
52.406296	16.902237	1275	389	205.6	111	127.7	-640	-3.3	287	3701	1697292025
52.407669	16.89537	1200	366	205.6	111	127.7	-640	-3.3	287	3701	1697292033
52.409115	16.887791	1100	335	201.9	109	125.4	-640	-3.3	287	3701	1697292043
52.410416	16.881104	1000	305	188.9	102	117.4	-640	-3.3	287	3701	1697292051
52.411697	16.874466	925	282	170.4	92	105.9	-512	-2.6	288	3701	1697292061
52.412888	16.86882	875	267	161.1	87	100.1	128	0.7	286	3701	1697292070
52.413162	16.866837	925	282	163	88	101.3	1152	5.9	283	3701	1697292073
52.413445	16.864956	1000	305	164.8	89	102.4	1280	6.5	282	3701	1697292076
52.413757	16.862717	1050	320	170.4	92	105.9	1408	7.2	282	3701	1697292079
52.414902	16.856537	1200	366	188.9	102	117.4	1280	6.5	289	3701	1697292088
52.416378	16.849575	1375	419	194.5	105	120.8	1024	5.2	289	3701	1697292097
52.41687	16.847229	1450	442	198.2	107	123.1	1152	5.9	288	3701	1697292100
52.417374	16.84494	1500	457	201.9	109	125.4	1088	5.5	289	3701	1697292103
52.417923	16.842422	1575	480	203.7	110	126.6	1152	5.9	289	3701	1697292106
52.418427	16.84021	1625	495	201.9	109	125.4	1344	6.8	290	3701	1697292109
52.41893	16.837921	1700	518	200	108	124.3	1408	7.2	290	3701	1697292112
52.420425	16.831055	1875	572	200	108	124.3	1152	5.9	289	3701	1697292121
52.421906	16.823807	2075	632	209.3	113	130	1152	5.9	288	3701	1697292130
52.423405	16.816616	2250	686	205.6	111	127.7	1344	6.8	289	3701	1697292139
52.424988	16.809238	2475	754	201.9	109	125.4	1344	6.8	289	3701	1697292148
52.426346	16.80481	2600	792	200	108	124.3	1152	5.9	302	3701	1697292154
52.427269	16.802961	2675	815	201.9	109	125.4	1152	5.9	313	3701	1697292157
52.428406	16.801376	2725	831	205.6	111	127.7	1152	5.9	322	3701	1697292160
52.429642	16.800156	2775	846	211.1	114	131.2	1024	5.2	332	3701	1697292163
52.431244	16.799088	2825	861	216.7	117	134.6	896	4.6	341	3701	1697292166
52.432808	16.798567	2875	876	222.2	120	138.1	1024	5.2	351	3701	1697292169
52.434586	16.798477	2950	899	227.8	123	141.5	1152	5.9	359	3701	1697292172
52.436417	16.798859	3000	914	233.4	126	145	1216	6.2	9	3701	1697292175
52.438019	16.799622	3075	937	238.9	129	148.5	1216	6.2	19	3701	1697292178
52.439804	16.800919	3125	953	242.6	131	150.8	1216	6.2	26	3701	1697292181
52.441467	16.802412	3200	975	246.3	133	153.1	1280	6.5	30	3701	1697292184
52.4431	16.804123	3250	991	248.2	134	154.2	1152	5.9	32	3701	1697292188
52.444427	16.805573	3300	1006	248.2	134	154.2	1152	5.9	33	3701	1697292190
52.445984	16.807251	3375	1029	246.3	133	153.1	1344	6.8	34	3701	1697292193
52.447754	16.809317	3450	1052	246.3	133	153.1	1408	7.2	34	3701	1697292197
52.449242	16.811045	3525	1074	248.2	134	154.2	1216	6.2	35	3701	1697292200
52.450779	16.812849	3575	1090	248.2	134	154.2	1152	5.9	35	3701	1697292203
52.452164	16.814423	3625	1105	248.2	134	154.2	1088	5.5	35	3701	1697292205
52.453804	16.816458	3700	1128	248.2	134	154.2	1280	6.5	35	3701	1697292209
52.455185	16.818085	3750	1143	250	135	155.4	1280	6.5	36	3701	1697292211
52.45665	16.819839	3800	1158	250	135	155.4	1280	6.5	36	3701	1697292215
52.461346	16.825562	4000	1219	250	135	155.4	1152	5.9	36	3701	1697292224
52.465988	16.831131	4175	1273	255.6	138	158.8	960	4.9	36	3701	1697292233
52.470932	16.837006	4225	1288	279.7	151	173.8	0	0	35	3701	1697292242
52.47583	16.844025	4200	1280	313	169	194.5	-192	-1	49	3701	1697292251
52.477295	16.847458	4200	1280	320.4	173	199.1	0	0	57	3701	1697292254
52.478348	16.851044	4200	1280	326	176	202.5	64	0.3	65	3701	1697292257
52.479172	16.854858	4200	1280	331.5	179	206	0	0	73	3701	1697292260
52.47963	16.859207	4200	1280	335.2	181	208.3	-64	-0.3	81	3701	1697292263
52.479767	16.863022	4200	1280	337.1	182	209.4	-64	-0.3	88	3701	1697292266
52.479721	16.867218	4200	1280	337.1	182	209.4	64	0.3	91	3701	1697292269
52.479584	16.871338	4200	1280	337.1	182	209.4	128	0.7	92	3701	1697292272
52.479454	16.875864	4200	1280	338.9	183	210.6	-64	-0.3	92	3701	1697292275
52.479317	16.880022	4200	1280	338.9	183	210.6	-192	-1	93	3701	1697292278
52.479176	16.883633	4200	1280	340.8	184	211.7	-128	-0.7	93	3701	1697292281
52.479034	16.888418	4200	1280	338.9	183	210.6	0	0	93	3701	1697292284
52.478897	16.892578	4200	1280	338.9	183	210.6	64	0.3	93	3701	1697292287
52.47876	16.896591	4200	1280	338.9	183	210.6	64	0.3	93	3701	1697292290
52.478619	16.900896	4200	1280	340.8	184	211.7	0	0	93	3701	1697292293
52.478477	16.905056	4200	1280	340.8	184	211.7	0	0	93	3701	1697292296
52.478073	16.917801	4200	1280	342.6	185	212.9	0	0	93	3701	1697292305
52.477638	16.930481	4200	1280	340.8	184	211.7	0	0	93	3701	1697292314
52.477341	16.938477	4200	1280	340.8	184	211.7	0	0	93	3701	1697292320
52.476883	16.951599	4200	1280	342.6	185	212.9	0	0	93	3701	1697292329
52.476429	16.964304	4200	1280	344.5	186	214	-64	-0.3	93	3701	1697292338
52.475967	16.976929	4200	1280	346.3	187	215.2	0	0	93	3701	1697292347
52.47551	16.990128	4200	1280	344.5	186	214	128	0.7	93	3701	1697292357
52.475033	17.002676	4200	1280	344.5	186	214	-64	-0.3	93	3701	1697292366
52.474594	17.015152	4200	1280	342.6	185	212.9	128	0.7	93	3701	1697292375
52.474148	17.027945	4200	1280	346.3	187	215.2	0	0	92	3701	1697292384
52.473728	17.040737	4200	1280	346.3	187	215.2	0	0	93	3701	1697292393
52.473263	17.053762	4200	1280	346.3	187	215.2	64	0.3	93	3701	1697292402
52.472855	17.066727	4200	1280	350	189	217.5	-64	-0.3	93	3701	1697292411
52.472443	17.079926	4200	1280	351.9	190	218.6	0	0	93	3701	1697292420
52.472195	17.088684	4200	1280	350	189	217.5	64	0.3	92	3701	1697292426
52.471802	17.101746	4200	1280	350	189	217.5	0	0	93	3701	1697292435
52.470886	17.114487	4200	1280	348.2	188	216.3	0	0	101	3701	1697292444
52.470379	17.118269	4200	1280	348.2	188	216.3	64	0.3	101	3701	1697292447
52.469833	17.122879	4200	1280	348.2	188	216.3	0	0	101	3701	1697292450
52.46933	17.127075	4200	1280	348.2	188	216.3	0	0	101	3701	1697292453
52.468826	17.131271	4200	1280	348.2	188	216.3	0	0	101	3701	1697292456
52.468281	17.135611	4200	1280	348.2	188	216.3	0	0	101	3701	1697292459
52.46777	17.139849	4200	1280	348.2	188	216.3	0	0	101	3701	1697292462
52.46727	17.14386	4200	1280	348.2	188	216.3	0	0	101	3701	1697292465
52.465721	17.156643	4200	1280	350	189	217.5	0	0	101	3701	1697292475
52.464249	17.168884	4200	1280	350	189	217.5	0	0	101	3701	1697292483
52.462646	17.182083	4175	1273	351.9	190	218.6	-384	-2	100	3701	1697292493
52.46088	17.19478	4100	1250	361.1	195	224.4	-576	-2.9	107	3701	1697292502
52.459763	17.199175	4050	1234	359.3	194	223.3	-704	-3.6	114	3701	1697292505
52.458481	17.202759	4025	1227	353.7	191	219.8	-576	-2.9	123	3701	1697292508
52.456833	17.206116	4000	1219	346.3	187	215.2	-448	-2.3	130	3701	1697292511
52.455093	17.208862	3975	1212	342.6	185	212.9	-512	-2.6	138	3701	1697292513
52.452896	17.21138	3950	1204	333.4	180	207.1	-640	-3.3	147	3701	1697292517
52.450516	17.213287	3900	1189	326	176	202.5	-640	-3.3	155	3701	1697292520
52.448685	17.214279	3875	1181	314.8	170	195.6	-640	-3.3	166	3701	1697292523
52.446075	17.214966	3850	1173	309.3	167	192.2	-576	-2.9	173	3701	1697292526
52.443512	17.214966	3825	1166	298.2	161	185.3	-576	-2.9	183	3701	1697292529
52.44133	17.214243	3775	1151	288.9	156	179.5	-640	-3.3	193	3701	1697292532
52.439392	17.213135	3750	1143	279.7	151	173.8	-640	-3.3	202	3701	1697292535
52.437744	17.211653	3725	1135	272.2	147	169.2	-576	-2.9	212	3701	1697292538
52.435959	17.209473	3700	1128	268.5	145	166.9	-448	-2.3	217	3701	1697292541
52.434448	17.207413	3675	1120	264.8	143	164.6	-640	-3.3	221	3701	1697292544
52.433121	17.205276	3650	1113	263	142	163.4	-576	-2.9	223	3701	1697292547
52.431553	17.202785	3600	1097	263	142	163.4	-576	-2.9	225	3701	1697292550
52.430237	17.200546	3575	1090	261.1	141	162.3	-704	-3.6	226	3701	1697292553
52.428947	17.198391	3550	1082	259.3	140	161.1	-576	-2.9	225	3701	1697292556
52.427444	17.195892	3525	1074	259.3	140	161.1	-640	-3.3	225	3701	1697292559
52.426254	17.193909	3500	1067	259.3	140	161.1	-640	-3.3	224	3701	1697292562
52.424652	17.191391	3450	1052	259.3	140	161.1	-576	-2.9	224	3701	1697292565
52.423172	17.189131	3425	1044	261.1	141	162.3	-576	-2.9	223	3701	1697292568
52.421822	17.18709	3400	1036	261.1	141	162.3	-640	-3.3	222	3701	1697292571
52.417355	17.180813	3300	1006	263	142	163.4	-576	-2.9	219	3701	1697292580
52.415771	17.178772	3275	998	264.8	143	164.6	-640	-3.3	218	3701	1697292583
52.414097	17.176653	3250	991	264.8	143	164.6	-640	-3.3	217	3701	1697292586
52.41256	17.174692	3225	983	263	142	163.4	-512	-2.6	217	3701	1697292589
52.410976	17.172729	3200	975	261.1	141	162.3	-320	-1.6	216	3701	1697292592
52.409317	17.170792	3200	975	259.3	140	161.1	-128	-0.7	215	3701	1697292595
52.40781	17.169041	3200	975	257.4	139	160	-64	-0.3	215	3701	1697292598
52.40609	17.167158	3200	975	253.7	137	157.7	-64	-0.3	214	3701	1697292602
52.404602	17.165451	3200	975	251.9	136	156.5	-64	-0.3	214	3701	1697292604
52.402969	17.163706	3200	975	248.2	134	154.2	0	0	213	3701	1697292607
52.401432	17.162058	3200	975	246.3	133	153.1	0	0	213	3701	1697292610
52.397011	17.15727	3200	975	237.1	128	147.3	64	0.3	212	3701	1697292619
52.392563	17.152634	3200	975	227.8	123	141.5	-64	-0.3	212	3701	1697292628
52.388306	17.148132	3200	975	222.2	120	138.1	128	0.7	212	3701	1697292637
52.38393	17.143694	3200	975	220.4	119	136.9	320	1.6	211	3701	1697292647
52.3797	17.139282	3200	975	227.8	123	141.5	0	0	212	3701	1697292656
52.375458	17.134827	3200	975	222.2	120	138.1	64	0.3	212	3701	1697292664
52.37265	17.1315	3200	975	218.5	118	135.8	-64	-0.3	218	3701	1697292671
52.371502	17.129805	3200	975	213	115	132.3	-128	-0.7	224	3701	1697292674
52.370384	17.127686	3200	975	207.4	112	128.9	0	0	230	3701	1697292677
52.369499	17.125645	3200	975	203.7	110	126.6	64	0.3	236	3701	1697292680
52.368759	17.123566	3200	975	205.6	111	127.7	192	1	240	3701	1697292683
52.368008	17.121016	3200	975	211.1	114	131.2	-128	-0.7	246	3701	1697292686
52.367432	17.118454	3200	975	216.7	117	134.6	-192	-1	250	3701	1697292689
52.366985	17.115757	3175	968	222.2	120	138.1	-576	-2.9	256	3701	1697292692
52.366753	17.113247	3175	968	224.1	121	139.2	-384	-2	262	3701	1697292695
52.366653	17.110367	3175	968	231.5	125	143.8	0	0	269	3701	1697292698
52.366753	17.107754	3175	968	235.2	127	146.1	-64	-0.3	274	3701	1697292701
52.367031	17.104692	3150	960	238.9	129	148.5	-128	-0.7	280	3701	1697292704
52.367496	17.101633	3150	960	240.8	130	149.6	-64	-0.3	285	3701	1697292707
52.367981	17.099075	3150	960	244.5	132	151.9	-64	-0.3	287	3701	1697292710
52.36853	17.096176	3150	960	246.3	133	153.1	-192	-1	287	3701	1697292713
52.369125	17.093124	3125	953	250	135	155.4	-192	-1	287	3701	1697292716
52.369732	17.090017	3125	953	253.7	137	157.7	-384	-2	287	3701	1697292719
52.370335	17.087036	3100	945	257.4	139	160	-256	-1.3	287	3701	1697292722
52.37085	17.084211	3100	945	257.4	139	160	-256	-1.3	287	3701	1697292725
52.371452	17.081228	3100	945	257.4	139	160	0	0	287	3701	1697292728
52.372105	17.078012	3100	945	257.4	139	160	64	0.3	287	3701	1697292731
52.37265	17.075119	3100	945	257.4	139	160	-64	-0.3	287	3701	1697292734
52.37384	17.069244	3100	945	259.3	140	161.1	0	0	287	3701	1697292740
52.37569	17.05957	3100	945	263	142	163.4	0	0	287	3701	1697292749
52.377457	17.050323	3050	930	266.7	144	165.7	-320	-1.6	287	3701	1697292758
52.379322	17.040894	3050	930	266.7	144	165.7	-256	-1.3	287	3701	1697292767
52.381229	17.031084	2925	892	275.9	149	171.5	-768	-3.9	287	3701	1697292777
52.382858	17.022629	2800	853	150	81	93.2	-896	-4.6	287	3701	1697292786
52.385147	17.010956	2675	815	290.8	157	180.7	-896	-4.6	287	3701	1697292795
52.38707	17.00119	2550	777	292.6	158	181.8	-896	-4.6	287	3701	1697292803
52.388901	16.99173	2425	739	296.3	160	184.1	-960	-4.9	287	3701	1697292812
52.391006	16.981253	2300	701	283.4	153	176.1	-896	-4.6	288	3701	1697292821
52.392792	16.97197	2150	655	268.5	145	166.9	-896	-4.6	287	3701	1697292830
52.394623	16.962509	2025	617	250	135	155.4	-704	-3.6	287	3701	1697292839
52.396225	16.953812	1950	594	246.3	133	153.1	-512	-2.6	286	3701	1697292848
52.397964	16.944885	1825	556	250	135	155.4	-832	-4.2	287	3701	1697292857
52.399757	16.936131	1700	518	253.7	137	157.7	-832	-4.2	288	3701	1697292866
52.401482	16.927341	1600	488	257.4	139	160	-768	-3.9	287	3701	1697292875
52.403229	16.918259	1500	457	248.2	134	154.2	-832	-4.2	287	3701	1697292884
52.404922	16.909561	1375	419	242.6	131	150.8	-768	-3.9	287	3701	1697292893
52.406647	16.900896	1250	381	227.8	123	141.5	-640	-3.3	287	3701	1697292903
52.408089	16.893127	1150	351	213	115	132.3	-640	-3.3	287	3701	1697292912
52.4095	16.885757	1075	328	200	108	124.3	-576	-2.9	287	3701	1697292921
52.410828	16.879044	975	297	183.3	99	113.9	-576	-2.9	287	3701	1697292930
52.412018	16.873016	900	274	170.4	92	105.9	-448	-2.3	287	3701	1697292939
52.413208	16.866684	875	267	170.4	92	105.9	64	0.3	286	3701	1697292948
52.414143	16.860718	1025	312	172.2	93	107	1280	6.5	284	3701	1697292957
52.415176	16.854401	1225	373	181.5	98	112.8	1024	5.2	285	3701	1697292966
52.41655	16.847458	1325	404	198.2	107	123.1	768	3.9	288	3701	1697292975
52.418007	16.840549	1500	457	198.2	107	123.1	1216	6.2	288	3701	1697292984
52.419022	16.835632	1625	495	201.9	109	125.4	1152	5.9	289	3701	1697292990
52.420521	16.828779	1825	556	198.2	107	123.1	1344	6.8	290	3701	1697292999
52.422009	16.822109	2025	617	196.3	106	122	1344	6.8	290	3701	1697293008
52.423645	16.815109	2225	678	196.3	106	122	1216	6.2	290	3701	1697293017
52.425266	16.808218	2400	732	198.2	107	123.1	1216	6.2	291	3701	1697293027
52.42598	16.805878	2475	754	201.9	109	125.4	1152	5.9	298	3701	1697293030
52.426849	16.803904	2500	762	205.6	111	127.7	1088	5.5	308	3701	1697293033
52.428062	16.802097	2575	785	207.4	112	128.9	1216	6.2	319	3701	1697293036
52.429363	16.800686	2650	808	213	115	132.3	1280	6.5	329	3701	1697293039
52.430923	16.799622	2700	823	216.7	117	134.6	1152	5.9	340	3701	1697293042
52.432434	16.799011	2750	838	220.4	119	136.9	1152	5.9	347	3701	1697293045
52.434128	16.798782	2825	861	227.8	123	141.5	1216	6.2	358	3701	1697293048
52.435822	16.799011	2875	876	231.5	125	143.8	1216	6.2	6	3701	1697293051
52.437653	16.799665	2950	899	238.9	129	148.5	1088	5.5	15	3701	1697293054
52.439327	16.800842	3000	914	244.5	132	151.9	1152	5.9	25	3701	1697293057
52.440956	16.802256	3075	937	248.2	134	154.2	1344	6.8	29	3701	1697293060
52.442539	16.803823	3125	953	248.2	134	154.2	1344	6.8	32	3701	1697293063
52.444355	16.805708	3200	975	250	135	155.4	1280	6.5	32	3701	1697293066
52.445755	16.807251	3250	991	251.9	136	156.5	1216	6.2	33	3701	1697293069
52.447449	16.809082	3325	1013	253.7	137	157.7	1216	6.2	33	3701	1697293072
52.449055	16.810886	3400	1036	253.7	137	157.7	1280	6.5	33	3701	1697293075
52.450607	16.812592	3450	1052	253.7	137	157.7	1280	6.5	34	3701	1697293078
52.452301	16.814423	3525	1074	251.9	136	156.5	1280	6.5	34	3701	1697293081
52.453712	16.815989	3575	1090	253.7	137	157.7	1152	5.9	34	3701	1697293084
52.455479	16.818027	3650	1113	255.6	138	158.8	1152	5.9	34	3701	1697293087
52.456879	16.819597	3700	1128	255.6	138	158.8	1152	5.9	34	3701	1697293090
52.461823	16.825333	3900	1189	257.4	139	160	1216	6.2	35	3701	1697293099
52.466446	16.830673	4100	1250	257.4	139	160	1344	6.8	35	3701	1697293108
52.468002	16.832657	4150	1265	263	142	163.4	1088	5.5	39	3701	1697293111
52.469585	16.835215	4175	1273	274.1	148	170.3	704	3.6	46	3701	1697293114
52.470886	16.837845	4200	1280	287.1	155	178.4	384	2	53	3701	1697293117
52.472031	16.840973	4225	1288	300	162	186.4	128	0.7	60	3701	1697293120
52.4729	16.844177	4225	1288	311.1	168	193.3	0	0	67	3701	1697293123
52.473637	16.848083	4200	1280	324.1	175	201.4	-64	-0.3	76	3701	1697293126
52.473999	16.851959	4200	1280	331.5	179	206	-64	-0.3	82	3701	1697293129
52.474148	16.856167	4200	1280	337.1	182	209.4	-64	-0.3	88	3701	1697293132
52.474148	16.860325	4200	1280	338.9	183	210.6	64	0.3	91	3701	1697293135
52.474056	16.865034	4200	1280	340.8	184	211.7	-64	-0.3	91	3701	1697293139
52.473953	16.869125	4200	1280	342.6	185	212.9	-128	-0.7	91	3701	1697293142
52.473862	16.873627	4200	1280	344.5	186	214	-128	-0.7	92	3701	1697293145
52.473774	16.877668	4200	1280	344.5	186	214	0	0	92	3701	1697293148
52.473633	16.881714	4200	1280	344.5	186	214	0	0	92	3701	1697293151
52.473587	16.885681	4200	1280	344.5	186	214	0	0	92	3701	1697293153
52.473495	16.890182	4200	1280	344.5	186	214	0	0	91	3701	1697293157
52.473404	16.89415	4200	1280	344.5	186	214	0	0	91	3701	1697293159
52.473175	16.90773	4200	1280	346.3	187	215.2	0	0	91	3701	1697293169
52.472939	16.920359	4200	1280	346.3	187	215.2	0	0	91	3701	1697293178
52.472706	16.933384	4200	1280	346.3	187	215.2	0	0	91	3701	1697293187
52.472519	16.946411	4200	1280	344.5	186	214	0	0	91	3701	1697293196
52.472351	16.958923	4200	1280	344.5	186	214	0	0	91	3701	1697293205
52.472168	16.971817	4200	1280	344.5	186	214	0	0	91	3701	1697293214
52.471958	16.984079	4200	1280	342.6	185	212.9	0	0	91	3701	1697293223
52.47168	16.996634	4200	1280	342.6	185	212.9	0	0	92	3701	1697293232
52.47131	17.009817	4200	1280	342.6	185	212.9	0	0	92	3701	1697293242
52.470932	17.022018	4200	1280	344.5	186	214	-64	-0.3	93	3701	1697293250
52.470516	17.035322	4200	1280	342.6	185	212.9	0	0	92	3701	1697293260
52.470146	17.047642	4200	1280	340.8	184	211.7	0	0	93	3701	1697293268
52.469727	17.060198	4200	1280	342.6	185	212.9	0	0	93	3701	1697293277
52.469261	17.069143	4200	1280	342.6	185	212.9	-64	-0.3	97	3701	1697293284
52.468887	17.072754	4200	1280	344.5	186	214	-64	-0.3	100	3701	1697293286
52.468369	17.076797	4200	1280	342.6	185	212.9	64	0.3	101	3701	1697293289
52.467865	17.080917	4200	1280	344.5	186	214	64	0.3	100	3701	1697293293
52.467361	17.085419	4200	1280	344.5	186	214	-64	-0.3	100	3701	1697293296
52.466812	17.089844	4200	1280	346.3	187	215.2	-64	-0.3	101	3701	1697293299
52.466263	17.094269	4200	1280	346.3	187	215.2	0	0	101	3701	1697293302
52.465816	17.098022	4200	1280	346.3	187	215.2	0	0	101	3701	1697293305
52.465302	17.102356	4200	1280	348.2	188	216.3	0	0	101	3701	1697293308
52.46479	17.106733	4200	1280	348.2	188	216.3	0	0	101	3701	1697293311
52.463287	17.119293	4200	1280	350	189	217.5	0	0	101	3701	1697293320
52.46172	17.13208	4200	1280	350	189	217.5	0	0	101	3701	1697293329
52.460129	17.145157	4200	1280	348.2	188	216.3	0	0	101	3701	1697293338
52.458527	17.157745	4200	1280	346.3	187	215.2	0	0	101	3701	1697293347
52.457016	17.170139	4200	1280	344.5	186	214	0	0	101	3701	1697293356
52.455963	17.178574	4200	1280	342.6	185	212.9	0	0	101	3701	1697293362
52.454315	17.191238	4200	1280	344.5	186	214	0	0	102	3701	1697293371
52.452641	17.204275	4150	1265	353.7	191	219.8	-384	-2	101	3701	1697293381
52.451431	17.212437	4100	1250	355.6	192	220.9	-448	-2.3	107	3701	1697293387
52.450455	17.216518	4075	1242	355.6	192	220.9	-512	-2.6	114	3701	1697293390
52.449005	17.220688	4050	1234	351.9	190	218.6	-448	-2.3	121	3701	1697293393
52.447403	17.224045	4050	1234	344.5	186	214	-256	-1.3	130	3701	1697293396
52.445564	17.226797	4050	1234	340.8	184	211.7	-128	-0.7	136	3701	1697293399
52.443466	17.229233	4025	1227	333.4	180	207.1	-384	-2	147	3701	1697293402
52.441189	17.231113	4000	1219	327.8	177	203.7	-512	-2.6	155	3701	1697293405
52.439117	17.232208	3975	1212	322.2	174	200.2	-384	-2	163	3701	1697293408
52.436783	17.232895	3950	1204	313	169	194.5	-384	-2	172	3701	1697293411
52.434494	17.232971	3925	1196	301.9	163	187.6	-384	-2	182	3701	1697293414
52.432251	17.232449	3900	1189	294.5	159	183	-448	-2.3	190	3701	1697293417
52.430157	17.23135	3900	1189	285.2	154	177.2	-448	-2.3	200	3701	1697293420
52.428295	17.22978	3875	1181	279.7	151	173.8	-384	-2	210	3701	1697293423
52.42662	17.227631	3850	1173	272.2	147	169.2	-384	-2	220	3701	1697293426
52.425064	17.22496	3825	1166	264.8	143	164.6	-320	-1.6	228	3701	1697293429
52.423824	17.222324	3825	1166	263	142	163.4	-256	-1.3	232	3701	1697293432
52.422867	17.220154	3800	1158	261.1	141	162.3	-320	-1.6	234	3701	1697293435
52.42186	17.217865	3775	1151	263	142	163.4	-512	-2.6	234	3701	1697293437
52.420612	17.214949	3750	1143	261.1	141	162.3	-448	-2.3	235	3701	1697293441
52.419296	17.211914	3725	1135	263	142	163.4	-384	-2	234	3701	1697293444
52.418098	17.209219	3725	1135	261.1	141	162.3	-384	-2	234	3701	1697293447
52.416916	17.206497	3700	1128	263	142	163.4	-384	-2	233	3701	1697293450
52.415726	17.204041	3675	1120	263	142	163.4	-320	-1.6	232	3701	1697293453
52.411835	17.196198	3600	1097	264.8	143	164.6	-448	-2.3	229	3701	1697293463
52.410557	17.193838	3600	1097	264.8	143	164.6	-384	-2	228	3701	1697293465
52.409115	17.19125	3575	1090	266.7	144	165.7	-384	-2	227	3701	1697293469
52.40799	17.189255	3550	1082	266.7	144	165.7	-384	-2	226	3701	1697293471
52.406368	17.186541	3525	1074	266.7	144	165.7	-448	-2.3	226	3701	1697293475
52.405342	17.184814	3500	1067	266.7	144	165.7	-384	-2	225	3701	1697293477
52.403622	17.18199	3500	1067	266.7	144	165.7	-384	-2	225	3701	1697293480
52.402267	17.179718	3475	1059	266.7	144	165.7	-448	-2.3	224	3701	1697293483
52.400711	17.177277	3450	1052	266.7	144	165.7	-384	-2	224	3701	1697293487
52.399338	17.175083	3425	1044	268.5	145	166.9	-448	-2.3	223	3701	1697293489
52.397755	17.172651	3400	1036	268.5	145	166.9	-448	-2.3	223	3701	1697293493
52.396317	17.170486	3375	1029	268.5	145	166.9	-448	-2.3	223	3701	1697293496
52.39175	17.163548	3325	1013	268.5	145	166.9	-320	-1.6	222	3701	1697293505
52.387421	17.157192	3275	998	272.2	147	169.2	-448	-2.3	222	3701	1697293513
52.382629	17.150116	3200	975	272.2	147	169.2	-384	-2	221	3701	1697293523
52.378159	17.143538	3200	975	266.7	144	165.7	-64	-0.3	221	3701	1697293532
52.373501	17.136868	3200	975	259.3	140	161.1	0	0	221	3701	1697293541
52.369545	17.130432	3200	975	250	135	155.4	-192	-1	231	3701	1697293550
52.368439	17.127838	3200	975	244.5	132	151.9	-64	-0.3	237	3701	1697293553
52.367615	17.125244	3200	975	238.9	129	148.5	320	1.6	243	3701	1697293556
52.366974	17.122574	3200	975	233.4	126	145	64	0.3	250	3701	1697293559
52.366516	17.119675	3200	975	229.6	124	142.7	0	0	256	3701	1697293562
52.366241	17.117081	3200	975	227.8	123	141.5	-64	-0.3	262	3701	1697293565
52.366146	17.11458	3200	975	225.9	122	140.4	-64	-0.3	267	3701	1697293568
52.366196	17.11174	3200	975	222.2	120	138.1	0	0	273	3701	1697293571
52.366379	17.108931	3200	975	220.4	119	136.9	-64	-0.3	278	3701	1697293574
52.366707	17.106106	3200	975	220.4	119	136.9	0	0	283	3701	1697293577
52.367111	17.103653	3200	975	218.5	118	135.8	64	0.3	285	3701	1697293580
52.367523	17.101059	3200	975	216.7	117	134.6	-64	-0.3	286	3701	1697293583
52.368073	17.09816	3200	975	216.7	117	134.6	-64	-0.3	286	3701	1697293587
52.368484	17.095947	3200	975	214.8	116	133.5	-64	-0.3	287	3701	1697293589
52.368988	17.093277	3200	975	213	115	132.3	64	0.3	287	3701	1697293592
52.369545	17.090567	3200	975	211.1	114	131.2	64	0.3	287	3701	1697293596
52.369965	17.088449	3200	975	209.3	113	130	0	0	287	3701	1697293599
52.370499	17.085571	3200	975	209.3	113	130	-64	-0.3	287	3701	1697293602
52.370987	17.083191	3200	975	209.3	113	130	0	0	287	3701	1697293605
52.37146	17.080841	3200	975	207.4	112	128.9	0	0	288	3701	1697293608
52.372925	17.073441	3200	975	207.4	112	128.9	0	0	288	3701	1697293617
52.374386	17.06624	3200	975	205.6	111	127.7	0	0	287	3701	1697293626
52.375809	17.058792	3175	968	209.3	113	130	-320	-1.6	287	3701	1697293635
52.377228	17.051468	3125	953	214.8	116	133.5	-256	-1.3	287	3701	1697293644
52.378761	17.043797	3100	945	220.4	119	136.9	-320	-1.6	287	3701	1697293653
52.380344	17.035557	3000	914	233.4	126	145	-640	-3.3	287	3701	1697293662
52.381973	17.027161	2900	884	242.6	131	150.8	-704	-3.6	287	3701	1697293671
52.383682	17.018585	2800	853	250	135	155.4	-576	-2.9	287	3701	1697293680
52.385513	17.00919	2650	808	253.7	137	157.7	-832	-4.2	287	3701	1697293689
52.387188	17.000479	2625	800	248.2	134	154.2	-704	-3.6	287	3701	1697293699
52.388901	16.991501	2425	739	253.7	137	157.7	-1024	-5.2	288	3701	1697293708
52.390633	16.982981	2300	701	238.9	129	148.5	-832	-4.2	288	3701	1697293716
52.392242	16.974869	2200	671	222.2	120	138.1	-704	-3.6	287	3701	1697293726
52.393707	16.967239	2100	640	207.4	112	128.9	-576	-2.9	286	3701	1697293735
52.395081	16.959991	2025	617	203.7	110	126.6	-512	-2.6	286	3701	1697293744
52.396404	16.952925	1950	594	203.7	110	126.6	-576	-2.9	287	3701	1697293753
52.397919	16.945343	1850	564	203.7	110	126.6	-640	-3.3	287	3701	1697293762
52.399338	16.938328	1750	533	201.9	109	125.4	-576	-2.9	288	3701	1697293771
52.400734	16.931265	1650	503	194.5	105	120.8	-576	-2.9	287	3701	1697293780
52.401581	16.926804	1600	488	188.9	102	117.4	-448	-2.3	287	3701	1697293786
52.402863	16.920166	1525	465	183.3	99	113.9	-448	-2.3	287	3701	1697293795
52.404087	16.913845	1450	442	179.6	97	111.6	-512	-2.6	287	3701	1697293804
52.405289	16.907501	1375	419	175.9	95	109.3	-640	-3.3	287	3701	1697293814
52.406479	16.901398	1300	396	172.2	93	107	-320	-1.6	287	3701	1697293822
52.407719	16.895168	1225	373	175.9	95	109.3	-448	-2.3	287	3701	1697293832
52.408905	16.888962	1150	351	179.6	97	111.6	-512	-2.6	287	3701	1697293840
52.410187	16.882298	1050	320	181.5	98	112.8	-448	-2.3	287	3701	1697293850
52.411423	16.875916	975	297	183.3	99	113.9	-512	-2.6	286	3701	1697293859
52.412701	16.86935	900	274	183.3	99	113.9	-320	-1.6	288	3701	1697293868
52.414032	16.86264	800	244	185.2	100	115.1	-576	-2.9	287	3701	1697293877
52.415314	16.856003	750	229	192.6	104	119.7	-320	-1.6	287	3701	1697293886
52.41655	16.84906	900	274	192.6	104	119.7	1600	8.1	288	3701	1697293895
52.418053	16.841963	1025	312	213	115	132.3	576	2.9	288	3701	1697293904
52.419495	16.834665	1225	373	205.6	111	127.7	1536	7.8	287	3701	1697293913
52.420986	16.827524	1450	442	201.9	109	125.4	1408	7.2	288	3701	1697293922
52.422474	16.820225	1675	511	198.2	107	123.1	1344	6.8	289	3701	1697293932
52.423874	16.813507	1900	579	194.5	105	120.8	1280	6.5	288	3701	1697293940
52.42543	16.806412	2100	640	194.5	105	120.8	1280	6.5	289	3701	1697293950
52.426895	16.799774	2300	701	196.3	106	122	1152	5.9	290	3701	1697293959
52.428574	16.792837	2475	754	200	108	124.3	1152	5.9	291	3701	1697293968
52.430237	16.785965	2675	815	196.3	106	122	1472	7.5	291	3701	1697293977
52.431412	16.781616	2825	861	196.3	106	122	1472	7.5	299	3701	1697293983
52.432392	16.779575	2875	876	200	108	124.3	1280	6.5	310	3701	1697293986
52.433601	16.777849	2950	899	201.9	109	125.4	1344	6.8	321	3701	1697293989
52.434814	16.776657	3025	922	207.4	112	128.9	1344	6.8	332	3701	1697293992
52.436371	16.775665	3100	945	211.1	114	131.2	1472	7.5	342	3701	1697293995
52.437931	16.775181	3150	960	218.5	118	135.8	1408	7.2	350	3701	1697293998
52.439606	16.775103	3225	983	227.8	123	141.5	1152	5.9	360	3701	1697294001
52.441563	16.775496	3300	1006	233.4	126	145	1216	6.2	9	3701	1697294004
52.443283	16.776279	3350	1021	240.8	130	149.6	1216	6.2	18	3701	1697294007
52.445023	16.777573	3400	1036	248.2	134	154.2	1152	5.9	25	3701	1697294010
52.446671	16.779099	3475	1059	251.9	136	156.5	1216	6.2	30	3701	1697294013
52.448273	16.780777	3525	1074	255.6	138	158.8	1280	6.5	32	3701	1697294016
52.44994	16.782558	3600	1097	253.7	137	157.7	1280	6.5	33	3701	1697294019
52.451477	16.78421	3650	1113	255.6	138	158.8	1152	5.9	33	3701	1697294022
52.453106	16.786089	3725	1135	257.4	139	160	1216	6.2	35	3701	1697294026
52.454689	16.787893	3775	1151	255.6	138	158.8	1344	6.8	35	3701	1697294028
52.4561	16.789551	3850	1173	255.6	138	158.8	1344	6.8	35	3701	1697294031
52.457794	16.791458	3925	1196	257.4	139	160	1216	6.2	35	3701	1697294034
52.459351	16.793289	3975	1212	257.4	139	160	1216	6.2	35	3701	1697294037
52.460972	16.795193	4050	1234	255.6	138	158.8	1344	6.8	35	3701	1697294040
52.464203	16.799011	4175	1273	263	142	163.4	960	4.9	37	3701	1697294047
52.465622	16.800995	4200	1280	272.2	147	169.2	512	2.6	42	3701	1697294049
52.467072	16.803667	4200	1280	285.2	154	177.2	128	0.7	50	3701	1697294053
52.468231	16.806564	4225	1288	296.3	160	184.1	128	0.7	57	3701	1697294055
52.469353	16.810259	4225	1288	305.6	165	189.9	0	0	66	3701	1697294059
52.470051	16.813869	4200	1280	313	169	194.5	-64	-0.3	74	3701	1697294062
52.470428	16.817322	4200	1280	314.8	170	195.6	0	0	81	3701	1697294064
52.470566	16.821747	4200	1280	320.4	173	199.1	-64	-0.3	90	3701	1697294068
52.470379	16.825562	4200	1280	320.4	173	199.1	0	0	95	3701	1697294071
52.470051	16.829485	4200	1280	322.2	174	200.2	0	0	99	3701	1697294074
52.469631	16.833408	4200	1280	324.1	175	201.4	0	0	100	3701	1697294077
52.469147	16.837463	4200	1280	326	176	202.5	-64	-0.3	100	3701	1697294080
52.468735	16.841431	4200	1280	329.7	178	204.8	-64	-0.3	100	3701	1697294083
52.468281	16.845337	4200	1280	331.5	179	206	-64	-0.3	100	3701	1697294086
52.467819	16.849442	4200	1280	331.5	179	206	0	0	100	3701	1697294089
52.467361	16.85318	4200	1280	333.4	180	207.1	0	0	100	3701	1697294092
52.466885	16.857344	4200	1280	333.4	180	207.1	0	0	100	3701	1697294095
52.466537	16.860428	4200	1280	333.4	180	207.1	0	0	100	3701	1697294098
52.466	16.865427	4200	1280	333.4	180	207.1	0	0	100	3701	1697294101
52.464615	16.87767	4200	1280	335.2	181	208.3	0	0	100	3701	1697294110
52.463253	16.890303	4200	1280	337.1	182	209.4	0	0	100	3701	1697294119
52.461914	16.902695	4200	1280	337.1	182	209.4	-64	-0.3	100	3701	1697294128
52.460587	16.914673	4200	1280	337.1	182	209.4	0	0	100	3701	1697294137
52.459167	16.92749	4200	1280	338.9	183	210.6	0	0	100	3701	1697294146
52.457855	16.939348	4200	1280	338.9	183	210.6	0	0	100	3701	1697294155
52.456924	16.947824	4200	1280	338.9	183	210.6	-64	-0.3	100	3701	1697294161
52.455597	16.960297	4200	1280	338.9	183	210.6	0	0	100	3701	1697294170
52.454269	16.972656	4200	1280	338.9	183	210.6	0	0	100	3701	1697294179
52.452896	16.985321	4200	1280	340.8	184	211.7	0	0	100	3701	1697294189
52.451523	16.997812	4200	1280	340.8	184	211.7	0	0	99	3701	1697294198
52.450172	17.010525	4200	1280	342.6	185	212.9	0	0	100	3701	1697294207
52.448872	17.022373	4200	1280	342.6	185	212.9	0	0	99	3701	1697294216
52.447403	17.035522	4200	1280	340.8	184	211.7	0	0	100	3701	1697294225
52.44603	17.047958	4200	1280	344.5	186	214	0	0	100	3701	1697294234
52.444633	17.059963	4200	1280	344.5	186	214	-64	-0.3	100	3701	1697294243
52.443146	17.072989	4200	1280	344.5	186	214	0	0	100	3701	1697294252
52.441772	17.085342	4200	1280	344.5	186	214	-64	-0.3	100	3701	1697294261
52.44035	17.097944	4200	1280	344.5	186	214	0	0	100	3701	1697294270
52.438862	17.110657	4200	1280	344.5	186	214	0	0	100	3701	1697294279
52.437885	17.119211	4200	1280	344.5	186	214	0	0	100	3701	1697294285
52.436462	17.131195	4200	1280	344.5	186	214	64	0.3	100	3701	1697294294
52.434998	17.143772	4200	1280	342.6	185	212.9	-64	-0.3	101	3701	1697294303
52.43346	17.156721	4200	1280	342.6	185	212.9	0	0	100	3701	1697294313
52.431973	17.169119	4200	1280	342.6	185	212.9	0	0	101	3701	1697294322
52.430527	17.181284	4175	1273	346.3	187	215.2	-320	-1.6	100	3701	1697294330
52.428665	17.194309	4125	1257	348.2	188	216.3	-448	-2.3	108	3701	1697294340
52.427547	17.198233	4100	1250	346.3	187	215.2	-448	-2.3	118	3701	1697294343
52.426384	17.201294	4075	1242	342.6	185	212.9	-448	-2.3	124	3701	1697294346
52.424709	17.204433	4075	1242	338.9	183	210.6	-320	-1.6	132	3701	1697294348
52.422848	17.20718	4050	1234	333.4	180	207.1	-384	-2	140	3701	1697294352
52.420658	17.209534	4025	1227	327.8	177	203.7	-512	-2.6	149	3701	1697294355
52.418285	17.211182	4000	1219	320.4	173	199.1	-384	-2	159	3701	1697294358
52.416092	17.212143	3975	1212	314.8	170	195.6	-384	-2	167	3701	1697294361
52.413757	17.212524	3950	1204	305.6	165	189.9	-448	-2.3	176	3701	1697294364
52.411442	17.21228	3925	1196	298.2	161	185.3	-384	-2	186	3701	1697294367
52.409546	17.211609	3925	1196	290.8	157	180.7	-384	-2	194	3701	1697294370
52.407303	17.210083	3900	1189	283.4	153	176.1	-384	-2	205	3701	1697294373
52.405575	17.208279	3875	1181	277.8	150	172.6	-384	-2	215	3701	1697294376
52.404087	17.206003	3850	1173	270.4	146	168	-448	-2.3	225	3701	1697294379
52.402817	17.203293	3825	1166	266.7	144	165.7	-384	-2	234	3701	1697294382
52.40176	17.200274	3800	1158	261.1	141	162.3	-320	-1.6	241	3701	1697294385
52.40094	17.197647	3800	1158	259.3	140	161.1	-256	-1.3	243	3701	1697294388
52.399979	17.194595	3775	1151	261.1	141	162.3	-384	-2	242	3701	1697294391
52.399059	17.191877	3750	1143	263	142	163.4	-512	-2.6	240	3701	1697294394
52.398056	17.189255	3725	1135	264.8	143	164.6	-384	-2	238	3701	1697294397
52.397011	17.186541	3725	1135	264.8	143	164.6	-384	-2	236	3701	1697294400
52.395721	17.183456	3700	1128	264.8	143	164.6	-448	-2.3	235	3701	1697294403
52.394714	17.181168	3675	1120	266.7	144	165.7	-384	-2	234	3701	1697294406
52.392262	17.175869	3625	1105	266.7	144	165.7	-384	-2	232	3701	1697294412
52.391006	17.173157	3600	1097	266.7	144	165.7	-384	-2	231	3701	1697294415
52.389816	17.170792	3600	1097	266.7	144	165.7	-384	-2	230	3701	1697294418
52.388443	17.168121	3575	1090	268.5	145	166.9	-448	-2.3	230	3701	1697294421
52.387207	17.165756	3550	1082	270.4	146	168	-448	-2.3	229	3701	1697294424
52.385792	17.16292	3525	1074	268.5	145	166.9	-384	-2	229	3701	1697294427
52.384396	17.160252	3500	1067	268.5	145	166.9	-384	-2	229	3701	1697294431
52.383041	17.157669	3475	1059	270.4	146	168	-384	-2	228	3701	1697294434
52.381668	17.155228	3475	1059	268.5	145	166.9	-384	-2	228	3701	1697294437
52.380299	17.152639	3450	1052	268.5	145	166.9	-448	-2.3	228	3701	1697294440
52.376247	17.145264	3375	1029	272.2	147	169.2	-384	-2	227	3701	1697294449
52.372238	17.138062	3325	1013	270.4	146	168	-448	-2.3	228	3701	1697294458
52.368301	17.129974	3250	991	266.7	144	165.7	-512	-2.6	238	3701	1697294467
52.367386	17.127075	3250	991	264.8	143	164.6	-448	-2.3	244	3701	1697294470
52.366707	17.123919	3225	983	261.1	141	162.3	-448	-2.3	251	3701	1697294473
52.366196	17.120743	3200	975	261.1	141	162.3	-320	-1.6	257	3701	1697294476
52.365959	17.117641	3175	968	261.1	141	162.3	-512	-2.6	263	3701	1697294479
52.365875	17.114563	3150	960	263	142	163.4	-640	-3.3	269	3701	1697294482
52.366009	17.111284	3100	945	261.1	141	162.3	-576	-2.9	276	3701	1697294485
52.366333	17.108231	3075	937	261.1	141	162.3	-576	-2.9	280	3701	1697294488
52.366837	17.105103	3050	930	261.1	141	162.3	-576	-2.9	284	3701	1697294491
52.36731	17.102102	3025	922	261.1	141	162.3	-576	-2.9	286	3701	1697294494
52.367916	17.098806	3000	914	263	142	163.4	-640	-3.3	286	3701	1697294497
52.368523	17.095747	2975	907	263	142	163.4	-576	-2.9	287	3701	1697294500
52.369125	17.09259	2950	899	261.1	141	162.3	-640	-3.3	287	3701	1697294503
52.369686	17.089626	2925	892	261.1	141	162.3	-512	-2.6	287	3701	1697294506
52.370361	17.086334	2875	876	261.1	141	162.3	-576	-2.9	288	3701	1697294509
52.37085	17.083818	2850	869	255.6	138	158.8	-576	-2.9	288	3701	1697294512
52.37146	17.080688	2825	861	253.7	137	157.7	-576	-2.9	288	3701	1697294515
52.372059	17.07762	2800	853	253.7	137	157.7	-640	-3.3	287	3701	1697294518
52.373875	17.068674	2700	823	250	135	155.4	-576	-2.9	288	3701	1697294527
52.375595	17.059963	2625	800	250	135	155.4	-448	-2.3	287	3701	1697294536
52.377274	17.051315	2575	785	248.2	134	154.2	-256	-1.3	288	3701	1697294545
52.378464	17.045364	2550	777	246.3	133	153.1	-128	-0.7	287	3701	1697294551
52.380157	17.036514	2450	747	244.5	132	151.9	-768	-3.9	287	3701	1697294560
52.381851	17.027817	2350	716	244.5	132	151.9	-640	-3.3	287	3701	1697294570
52.383511	17.019314	2250	686	244.5	132	151.9	-704	-3.6	287	3701	1697294578
52.385185	17.010681	2125	648	240.8	130	149.6	-640	-3.3	287	3701	1697294588
52.386841	17.002335	2025	617	238.9	129	148.5	-704	-3.6	287	3701	1697294597
52.388447	16.994045	1925	587	231.5	125	143.8	-832	-4.2	288	3701	1697294606
52.39003	16.98604	1875	572	218.5	118	135.8	192	1	288	3701	1697294615
52.391373	16.979218	2050	625	174.1	94	108.2	1536	7.8	287	3701	1697294624
52.392517	16.973038	2175	663	164.8	89	102.4	512	2.6	286	3701	1697294633
52.393753	16.966782	2125	648	190.8	103	118.5	-704	-3.6	288	3701	1697294642
52.394669	16.962204	2075	632	201.9	109	125.4	-576	-2.9	288	3701	1697294648
52.396172	16.954885	1975	602	216.7	117	134.6	-704	-3.6	288	3701	1697294657
52.397709	16.946882	1875	572	224.1	121	139.2	-640	-3.3	287	3701	1697294666
52.399246	16.938782	1750	533	229.6	124	142.7	-704	-3.6	286	3701	1697294675
52.400803	16.930695	1650	503	227.8	123	141.5	-704	-3.6	287	3701	1697294684
52.402359	16.922379	1550	472	222.2	120	138.1	-704	-3.6	287	3701	1697294694
52.40387	16.914902	1450	442	216.7	117	134.6	-576	-2.9	287	3701	1697294703
52.405289	16.907578	1350	411	209.3	113	130	-512	-2.6	287	3701	1697294712
52.406754	16.900024	1275	389	201.9	109	125.4	-576	-2.9	287	3701	1697294721
52.408081	16.893082	1175	358	194.5	105	120.8	-576	-2.9	287	3701	1697294730
52.409439	16.886065	1100	335	188.9	102	117.4	-576	-2.9	287	3701	1697294739
52.410736	16.879501	1025	312	183.3	99	113.9	-512	-2.6	287	3701	1697294748
52.411907	16.873352	925	282	177.8	96	110.5	-576	-2.9	287	3701	1697294757
52.41275	16.869125	875	267	175.9	95	109.3	-448	-2.3	287	3701	1697294763
52.413956	16.862915	800	244	174.1	94	108.2	-512	-2.6	287	3701	1697294772
52.414764	16.858749	750	229	172.2	93	107	-576	-2.9	287	3701	1697294778
52.415863	16.852478	850	259	177.8	96	110.5	1216	6.2	285	3701	1697294787
52.416916	16.846619	950	290	194.5	105	120.8	640	3.3	288	3701	1697294797
52.418427	16.838902	1125	343	196.3	106	122	1152	5.9	287	3701	1697294805
52.419868	16.831604	1325	404	198.2	107	123.1	1344	6.8	288	3701	1697294815
52.421219	16.824778	1500	457	200	108	124.3	1280	6.5	287	3701	1697294823
52.422592	16.817551	1725	526	198.2	107	123.1	1280	6.5	288	3701	1697294833
52.424011	16.810652	1925	587	198.2	107	123.1	1280	6.5	288	3701	1697294842
52.425385	16.80397	2175	663	192.6	104	119.7	1600	8.1	288	3701	1697294851
52.426895	16.79718	2375	724	194.5	105	120.8	1344	6.8	290	3701	1697294860
52.428452	16.790161	2550	777	196.3	106	122	1152	5.9	291	3701	1697294869
52.42918	16.787893	2650	808	198.2	107	123.1	1344	6.8	300	3701	1697294872
52.430111	16.786011	2700	823	198.2	107	123.1	1344	6.8	309	3701	1697294875
52.431152	16.784363	2775	846	200	108	124.3	1408	7.2	320	3701	1697294878
52.432484	16.78303	2850	869	205.6	111	127.7	1280	6.5	329	3701	1697294881
52.433834	16.782009	2900	884	211.1	114	131.2	1088	5.5	339	3701	1697294884
52.435501	16.781387	2950	899	218.5	118	135.8	1088	5.5	349	3701	1697294887
52.437057	16.781235	3000	914	225.9	122	140.4	1152	5.9	357	3701	1697294890
52.438889	16.781387	3050	930	231.5	125	143.8	1088	5.5	6	3701	1697294893
52.440678	16.782166	3125	953	238.9	129	148.5	1216	6.2	16	3701	1697294896
52.442352	16.783264	3200	975	242.6	131	150.8	1408	7.2	25	3701	1697294899
52.443935	16.784834	3275	998	250	135	155.4	1216	6.2	32	3701	1697294902
52.445572	16.787033	3325	1013	255.6	138	158.8	1088	5.5	41	3701	1697294905
52.446682	16.788914	3350	1021	261.1	141	162.3	960	4.9	49	3701	1697294908
52.447845	16.791582	3425	1044	264.8	143	164.6	1152	5.9	56	3701	1697294911
52.448822	16.794586	3500	1067	266.7	144	165.7	1408	7.2	65	3701	1697294914
52.449554	16.798096	3575	1090	270.4	146	168	1280	6.5	73	3701	1697294917
52.449986	16.80147	3625	1105	272.2	147	169.2	1216	6.2	80	3701	1697294920
52.450195	16.804504	3700	1128	272.2	147	169.2	1280	6.5	84	3701	1697294923
52.450314	16.807749	3775	1151	274.1	148	170.3	1344	6.8	86	3701	1697294926
52.450455	16.811357	3825	1166	275.9	149	171.5	1216	6.2	86	3701	1697294929
52.450562	16.814651	3900	1189	275.9	149	171.5	1216	6.2	86	3701	1697294932
52.450687	16.818342	3950	1204	275.9	149	171.5	1280	6.5	87	3701	1697294936
52.450745	16.821442	4025	1227	277.8	150	172.6	1344	6.8	86	3701	1697294938
52.450882	16.824799	4100	1250	277.8	150	172.6	1344	6.8	86	3701	1697294941
52.450966	16.828308	4150	1265	279.7	151	173.8	1152	5.9	87	3701	1697294944
52.451065	16.83197	4200	1280	285.2	154	177.2	768	3.9	87	3701	1697294947
52.451199	16.83592	4200	1280	292.6	158	181.8	384	2	87	3701	1697294951
52.451477	16.846985	4200	1280	314.8	170	195.6	0	0	87	3701	1697294959
52.451801	16.858992	4200	1280	324.1	175	201.4	-192	-1	87	3701	1697294969
52.452118	16.870651	4200	1280	329.7	178	204.8	0	0	87	3701	1697294977
52.452499	16.883554	4200	1280	335.2	181	208.3	0	0	87	3701	1697294987
52.452805	16.895828	4200	1280	337.1	182	209.4	0	0	87	3701	1697294996
52.453125	16.908188	4200	1280	337.1	182	209.4	0	0	87	3701	1697295005
52.453014	16.916592	4200	1280	337.1	182	209.4	-64	-0.3	95	3701	1697295011
52.452576	16.920547	4200	1280	337.1	182	209.4	0	0	101	3701	1697295014
52.451897	16.924673	4200	1280	337.1	182	209.4	64	0.3	104	3701	1697295017
52.451248	16.928787	4200	1280	337.1	182	209.4	64	0.3	105	3701	1697295020
52.450546	16.932993	4200	1280	338.9	183	210.6	0	0	104	3701	1697295023
52.449848	16.937229	4200	1280	340.8	184	211.7	-64	-0.3	104	3701	1697295026
52.449188	16.941452	4200	1280	340.8	184	211.7	0	0	104	3701	1697295029
52.448639	16.944841	4200	1280	340.8	184	211.7	0	0	105	3701	1697295032
52.447952	16.949005	4200	1280	342.6	185	212.9	0	0	104	3701	1697295035
52.447239	16.953474	4200	1280	342.6	185	212.9	0	0	104	3701	1697295038
52.445892	16.961746	4200	1280	342.6	185	212.9	0	0	104	3701	1697295044
52.443981	16.973799	4200	1280	344.5	186	214	0	0	104	3701	1697295053
52.442047	16.986237	4200	1280	342.6	185	212.9	64	0.3	104	3701	1697295062
52.440079	16.998825	4200	1280	344.5	186	214	0	0	104	3701	1697295072
52.43811	17.011108	4200	1280	342.6	185	212.9	0	0	104	3701	1697295081
52.436115	17.023787	4200	1280	344.5	186	214	0	0	104	3701	1697295090
52.434208	17.035793	4200	1280	344.5	186	214	0	0	104	3701	1697295099
52.432205	17.047882	4200	1280	344.5	186	214	-64	-0.3	105	3701	1697295108
52.430157	17.060513	4200	1280	344.5	186	214	0	0	104	3701	1697295117
52.428154	17.072832	4200	1280	344.5	186	214	0	0	104	3701	1697295126
52.426201	17.084839	4200	1280	344.5	186	214	0	0	104	3701	1697295135
52.42424	17.097244	4200	1280	342.6	185	212.9	0	0	104	3701	1697295144
52.422287	17.109873	4200	1280	342.6	185	212.9	0	0	104	3701	1697295153
52.420288	17.122585	4200	1280	340.8	184	211.7	0	0	104	3701	1697295162
52.418427	17.134323	4200	1280	338.9	183	210.6	0	0	104	3701	1697295171
52.416515	17.146597	4200	1280	338.9	183	210.6	0	0	104	3701	1697295180
52.414608	17.158682	4200	1280	338.9	183	210.6	0	0	104	3701	1697295189
52.412701	17.170925	4150	1265	346.3	187	215.2	-384	-2	104	3701	1697295198
52.410931	17.178928	4125	1257	346.3	187	215.2	-448	-2.3	114	3701	1697295204
52.409534	17.182774	4100	1250	340.8	184	211.7	-448	-2.3	123	3701	1697295207
52.408043	17.185757	4075	1242	333.4	180	207.1	-384	-2	132	3701	1697295210
52.40646	17.18811	4050	1234	327.8	177	203.7	-384	-2	138	3701	1697295213
52.404179	17.190622	4025	1227	318.5	172	197.9	-384	-2	148	3701	1697295216
52.40181	17.192383	4000	1219	313	169	194.5	-448	-2.3	158	3701	1697295220
52.399475	17.193451	3975	1212	303.7	164	188.7	-384	-2	167	3701	1697295223
52.397152	17.193838	3975	1212	296.3	160	184.1	-384	-2	177	3701	1697295226
52.395008	17.193525	3950	1204	288.9	156	179.5	-320	-1.6	186	3701	1697295229
52.392883	17.192612	3925	1196	279.7	151	173.8	-320	-1.6	196	3701	1697295232
52.391281	17.191467	3900	1189	274.1	148	170.3	-448	-2.3	206	3701	1697295235
52.389423	17.189444	3900	1189	266.7	144	165.7	-384	-2	217	3701	1697295238
52.387985	17.187119	3875	1181	261.1	141	162.3	-448	-2.3	227	3701	1697295241
52.386932	17.184677	3850	1173	255.6	138	158.8	-320	-1.6	236	3701	1697295244
52.386024	17.182068	3825	1166	253.7	137	157.7	-320	-1.6	242	3701	1697295247
52.385281	17.179243	3825	1166	251.9	136	156.5	-384	-2	247	3701	1697295250
52.384583	17.176182	3800	1158	251.9	136	156.5	-384	-2	248	3701	1697295253
52.383884	17.173513	3775	1151	251.9	136	156.5	-384	-2	246	3701	1697295256
52.383091	17.170689	3750	1143	251.9	136	156.5	-448	-2.3	244	3701	1697295259
52.382263	17.168045	3750	1143	251.9	136	156.5	-256	-1.3	242	3701	1697295262
52.381348	17.165298	3725	1135	250	135	155.4	-128	-0.7	240	3701	1697295265
52.38039	17.162607	3725	1135	248.2	134	154.2	-128	-0.7	239	3701	1697295268
52.379459	17.160017	3725	1135	244.5	132	151.9	64	0.3	238	3701	1697295271
52.377319	17.154541	3725	1135	240.8	130	149.6	-256	-1.3	237	3701	1697295277
52.376389	17.15217	3700	1128	238.9	129	148.5	-192	-1	236	3701	1697295280
52.375549	17.150129	3700	1128	237.1	128	147.3	-128	-0.7	235	3701	1697295283
52.374435	17.147446	3700	1128	235.2	127	146.1	-192	-1	235	3701	1697295286
52.373337	17.144928	3700	1128	233.4	126	145	0	0	235	3701	1697295289
52.37233	17.142639	3700	1128	233.4	126	145	-64	-0.3	234	3701	1697295292
52.371315	17.140242	3675	1120	229.6	124	142.7	-128	-0.7	234	3701	1697295295
52.370316	17.137985	3675	1120	229.6	124	142.7	-64	-0.3	234	3701	1697295298
52.367355	17.130981	3625	1105	237.1	128	147.3	-384	-2	240	3701	1697295307
52.366562	17.12822	3600	1097	238.9	129	148.5	-512	-2.6	246	3701	1697295310
52.365959	17.125566	3600	1097	240.8	130	149.6	-448	-2.3	251	3701	1697295313
52.365543	17.122663	3575	1090	240.8	130	149.6	-448	-2.3	258	3701	1697295316
52.365326	17.119446	3550	1082	240.8	130	149.6	-384	-2	265	3701	1697295319
52.365311	17.116543	3525	1074	244.5	132	151.9	-256	-1.3	270	3701	1697295322
52.365448	17.113403	3525	1074	244.5	132	151.9	-384	-2	276	3701	1697295325
52.365784	17.110519	3500	1067	248.2	134	154.2	-448	-2.3	282	3701	1697295328
52.366241	17.107832	3475	1059	250	135	155.4	-448	-2.3	286	3701	1697295331
52.366844	17.104692	3450	1052	250	135	155.4	-448	-2.3	288	3701	1697295334
52.367451	17.101789	3425	1044	251.9	136	156.5	-512	-2.6	288	3701	1697295337
52.368027	17.098694	3400	1036	253.7	137	157.7	-384	-2	287	3701	1697295340
52.36866	17.095669	3375	1029	255.6	138	158.8	-448	-2.3	288	3701	1697295344
52.369221	17.092844	3375	1029	257.4	139	160	-320	-1.6	287	3701	1697295347
52.369778	17.089783	3350	1021	259.3	140	161.1	-384	-2	287	3701	1697295349
52.37043	17.08633	3325	1013	261.1	141	162.3	-192	-1	287	3701	1697295353
52.371037	17.083269	3325	1013	263	142	163.4	-448	-2.3	287	3701	1697295356
52.371552	17.080536	3300	1006	264.8	143	164.6	-512	-2.6	287	3701	1697295358
52.373363	17.071262	3225	983	264.8	143	164.6	-704	-3.6	287	3701	1697295367
52.375214	17.061691	3150	960	264.8	143	164.6	-576	-2.9	287	3701	1697295377
52.377045	17.052383	3075	937	266.7	144	165.7	-384	-2	287	3701	1697295386
52.378967	17.04277	3000	914	266.7	144	165.7	-448	-2.3	287	3701	1697295395
52.380798	17.03331	2975	907	264.8	143	164.6	-384	-2	287	3701	1697295404
52.382675	17.023849	2850	869	274.1	148	170.3	-960	-4.9	287	3701	1697295413
52.384552	17.01416	2725	831	277.8	150	172.6	-832	-4.2	287	3701	1697295422
52.38649	17.004246	2600	792	279.7	151	173.8	-832	-4.2	287	3701	1697295431
52.388397	16.994436	2475	754	283.4	153	176.1	-896	-4.6	287	3701	1697295440
52.390263	16.984549	2350	716	288.9	156	179.5	-896	-4.6	287	3701	1697295449
52.392307	16.97427	2225	678	287.1	155	178.4	-832	-4.2	287	3701	1697295458
52.39431	16.963989	2075	632	283.4	153	176.1	-896	-4.6	287	3701	1697295467
52.396267	16.954258	1950	594	274.1	148	170.3	-832	-4.2	287	3701	1697295476
52.398083	16.94492	1825	556	266.7	144	165.7	-832	-4.2	287	3701	1697295485
52.399849	16.935503	1700	518	257.4	139	160	-640	-3.3	287	3701	1697295494
52.401443	16.927109	1700	518	227.8	123	141.5	256	1.3	286	3701	1697295503
52.403046	16.918869	1525	465	227.8	123	141.5	-1408	-7.2	287	3701	1697295513
52.404602	16.911011	1400	427	218.5	118	135.8	-704	-3.6	288	3701	1697295522
52.406136	16.90325	1300	396	209.3	113	130	-576	-2.9	287	3701	1697295531
52.407486	16.896423	1225	373	201.9	109	125.4	-512	-2.6	287	3701	1697295539
52.408836	16.889517	1125	343	187.1	101	116.2	-512	-2.6	287	3701	1697295549
52.410049	16.883316	1050	320	177.8	96	110.5	-512	-2.6	288	3701	1697295558
52.411255	16.876883	975	297	170.4	92	105.9	-512	-2.6	287	3701	1697295567
52.412384	16.87088	925	282	168.5	91	104.7	-448	-2.3	286	3701	1697295576
52.413528	16.864777	850	259	174.1	94	108.2	-384	-2	287	3701	1697295585
52.414795	16.858521	750	229	183.3	99	113.9	-512	-2.6	288	3701	1697295594
52.416096	16.851536	800	244	196.3	106	122	1280	6.5	285	3701	1697295604
52.417309	16.844944	950	290	207.4	112	128.9	640	3.3	288	3701	1697295612
52.418518	16.838913	1125	343	201.9	109	125.4	1472	7.5	288	3701	1697295619
52.419449	16.834272	1300	396	192.6	104	119.7	1728	8.8	287	3701	1697295625
52.420761	16.827698	1525	465	185.2	100	115.1	1600	8.1	288	3701	1697295634
52.42215	16.821089	1750	533	185.2	100	115.1	1152	5.9	289	3701	1697295643
52.423553	16.814499	1925	587	187.1	101	116.2	1152	5.9	289	3701	1697295652
52.425083	16.807827	2125	648	187.1	101	116.2	1216	6.2	291	3701	1697295662
52.426666	16.801313	2300	701	188.9	102	117.4	1024	5.2	291	3701	1697295671
52.428268	16.794662	2500	762	192.6	104	119.7	1280	6.5	291	3701	1697295680
52.428818	16.792679	2575	785	194.5	105	120.8	1216	6.2	295	3701	1697295683
52.429688	16.790543	2625	800	196.3	106	122	1216	6.2	306	3701	1697295686
52.430786	16.788712	2700	823	198.2	107	123.1	1536	7.8	317	3701	1697295689
52.431973	16.787344	2800	853	200	108	124.3	1664	8.5	327	3701	1697295692
52.433304	16.78627	2875	876	205.6	111	127.7	1472	7.5	336	3701	1697295695
52.434765	16.785618	2925	892	209.3	113	130	1344	6.8	346	3701	1697295698
52.436417	16.785355	3000	914	214.8	116	133.5	1536	7.8	356	3701	1697295701
52.438023	16.785461	3075	937	222.2	120	138.1	1216	6.2	5	3701	1697295704
52.439793	16.786089	3125	953	229.6	124	142.7	1152	5.9	14	3701	1697295707
52.441589	16.787262	3200	975	237.1	128	147.3	1216	6.2	24	3701	1697295710
52.443192	16.788712	3250	991	242.6	131	150.8	1216	6.2	30	3701	1697295713
52.444611	16.790237	3300	1006	246.3	133	153.1	1216	6.2	33	3701	1697295716
52.446125	16.791897	3375	1029	248.2	134	154.2	1216	6.2	34	3701	1697295719
52.447769	16.793823	3450	1052	248.2	134	154.2	1152	5.9	35	3701	1697295722
52.449242	16.795584	3500	1067	250	135	155.4	1216	6.2	35	3701	1697295725
52.450928	16.797562	3575	1090	250	135	155.4	1344	6.8	35	3701	1697295728
52.452255	16.799088	3625	1105	251.9	136	156.5	1344	6.8	36	3701	1697295731
52.453995	16.801147	3700	1128	251.9	136	156.5	1408	7.2	36	3701	1697295734
52.455322	16.80275	3775	1151	251.9	136	156.5	1280	6.5	36	3701	1697295737
52.457016	16.804766	3825	1166	253.7	137	157.7	1216	6.2	36	3701	1697295740
52.461624	16.810259	4025	1227	253.7	137	157.7	1344	6.8	36	3701	1697295749
52.466419	16.815989	4200	1280	266.7	144	165.7	576	2.9	36	3701	1697295759
52.471401	16.822031	4200	1280	281.5	152	174.9	0	0	35	3701	1697295767
52.474777	16.826859	4200	1280	300	162	186.4	-192	-1	46	3701	1697295774
52.476196	16.829878	4200	1280	305.6	165	189.9	0	0	55	3701	1697295777
52.477314	16.833252	4200	1280	313	169	194.5	192	1	62	3701	1697295780
52.478153	16.836863	4200	1280	318.5	172	197.9	0	0	71	3701	1697295783
52.478714	16.840591	4200	1280	324.1	175	201.4	-64	-0.3	78	3701	1697295786
52.478943	16.844473	4200	1280	327.8	177	203.7	-64	-0.3	86	3701	1697295789
52.478851	16.848476	4200	1280	327.8	177	203.7	0	0	94	3701	1697295791
52.478432	16.852793	4200	1280	329.7	178	204.8	64	0.3	100	3701	1697295795
52.47789	16.856537	4200	1280	329.7	178	204.8	64	0.3	103	3701	1697295798
52.477219	16.86064	4200	1280	329.7	178	204.8	0	0	104	3701	1697295801
52.476616	16.864563	4200	1280	331.5	179	206	-192	-1	104	3701	1697295804
52.476013	16.868439	4200	1280	333.4	180	207.1	-64	-0.3	104	3701	1697295807
52.475372	16.872406	4200	1280	333.4	180	207.1	64	0.3	104	3701	1697295810
52.474686	16.876602	4200	1280	333.4	180	207.1	64	0.3	105	3701	1697295813
52.474007	16.880728	4200	1280	335.2	181	208.3	0	0	105	3701	1697295816
52.473309	16.884966	4200	1280	333.4	180	207.1	-64	-0.3	104	3701	1697295819
52.472706	16.888968	4200	1280	333.4	180	207.1	0	0	104	3701	1697295822
52.470749	16.901016	4200	1280	335.2	181	208.3	-64	-0.3	105	3701	1697295831
52.468872	16.912613	4200	1280	333.4	180	207.1	0	0	104	3701	1697295840
52.466934	16.924673	4200	1280	333.4	180	207.1	64	0.3	104	3701	1697295849
52.464981	16.937027	4200	1280	333.4	180	207.1	-64	-0.3	104	3701	1697295858
52.46315	16.948929	4200	1280	333.4	180	207.1	0	0	104	3701	1697295867
52.461254	16.960928	4200	1280	333.4	180	207.1	0	0	104	3701	1697295876
52.459396	16.972733	4200	1280	331.5	179	206	0	0	104	3701	1697295885
52.457474	16.985092	4200	1280	333.4	180	207.1	0	0	104	3701	1697295895
52.45562	16.997183	4200	1280	333.4	180	207.1	0	0	104	3701	1697295904
52.453804	17.008799	4200	1280	333.4	180	207.1	0	0	104	3701	1697295913
52.451897	17.020725	4200	1280	335.2	181	208.3	0	0	104	3701	1697295922
52.449875	17.033157	4200	1280	337.1	182	209.4	-64	-0.3	104	3701	1697295931
52.447941	17.044973	4200	1280	335.2	181	208.3	0	0	104	3701	1697295940
52.445984	17.05719	4200	1280	337.1	182	209.4	0	0	104	3701	1697295949
52.444027	17.069302	4200	1280	337.1	182	209.4	0	0	104	3701	1697295958
52.442093	17.081375	4200	1280	337.1	182	209.4	0	0	104	3701	1697295967
52.440071	17.093472	4200	1280	337.1	182	209.4	64	0.3	105	3701	1697295976
52.438118	17.105164	4200	1280	337.1	182	209.4	0	0	105	3701	1697295985
52.436813	17.113169	4200	1280	338.9	183	210.6	0	0	104	3701	1697295991
52.434769	17.12532	4200	1280	338.9	183	210.6	-64	-0.3	105	3701	1697296000
52.432755	17.137375	4200	1280	338.9	183	210.6	0	0	104	3701	1697296009
52.430714	17.150129	4200	1280	338.9	183	210.6	0	0	104	3701	1697296019
52.428898	17.161743	4200	1280	338.9	183	210.6	0	0	104	3701	1697296027
52.426849	17.174301	4150	1265	346.3	187	215.2	-384	-2	104	3701	1697296037
52.425266	17.182302	4125	1257	348.2	188	216.3	-384	-2	111	3701	1697296042
52.423965	17.186228	4100	1250	344.5	186	214	-512	-2.6	120	3701	1697296046
52.422569	17.189365	4075	1242	338.9	183	210.6	-384	-2	128	3701	1697296049
52.420521	17.192661	4050	1234	331.5	179	206	-320	-1.6	137	3701	1697296052
52.418884	17.194595	4050	1234	324.1	175	201.4	-320	-1.6	145	3701	1697296054
52.416424	17.196743	4025	1227	314.8	170	195.6	-384	-2	155	3701	1697296058
52.414444	17.197876	4000	1219	309.3	167	192.2	-448	-2.3	162	3701	1697296061
52.410835	17.198626	3950	1204	294.5	159	183	-384	-2	178	3701	1697296065
52.408585	17.198257	3950	1204	285.2	154	177.2	-384	-2	188	3701	1697296069
52.406708	17.197418	3925	1196	277.8	150	172.6	-448	-2.3	197	3701	1697296071
52.404785	17.195957	3900	1189	272.2	147	169.2	-448	-2.3	207	3701	1697296075
52.403061	17.193918	3875	1181	263	142	163.4	-448	-2.3	219	3701	1697296078
52.401897	17.191956	3850	1173	257.4	139	160	-448	-2.3	228	3701	1697296080
52.400757	17.189331	3850	1173	251.9	136	156.5	-320	-1.6	235	3701	1697296083
52.399658	17.186508	3825	1166	250	135	155.4	-192	-1	238	3701	1697296087
52.398697	17.183914	3800	1158	250	135	155.4	-384	-2	238	3701	1697296090
52.397896	17.18199	3800	1158	250	135	155.4	-384	-2	236	3701	1697296092
52.396683	17.179031	3775	1151	250	135	155.4	-320	-1.6	235	3701	1697296095
52.395523	17.176418	3750	1143	250	135	155.4	-448	-2.3	233	3701	1697296099
52.394405	17.173985	3725	1135	253.7	137	157.7	-448	-2.3	232	3701	1697296102
52.39325	17.171631	3725	1135	253.7	137	157.7	-384	-2	231	3701	1697296104
52.391876	17.168884	3700	1128	253.7	137	157.7	-448	-2.3	230	3701	1697296108
52.389423	17.164255	3650	1113	255.6	138	158.8	-384	-2	228	3701	1697296114
52.388077	17.161865	3625	1105	255.6	138	158.8	-384	-2	227	3701	1697296117
52.386814	17.159624	3600	1097	255.6	138	158.8	-384	-2	226	3701	1697296120
52.385376	17.157135	3600	1097	255.6	138	158.8	-384	-2	226	3701	1697296123
52.384232	17.155151	3575	1090	255.6	138	158.8	-384	-2	226	3701	1697296126
52.382858	17.152939	3550	1082	255.6	138	158.8	-512	-2.6	225	3701	1697296129
52.381462	17.1506	3525	1074	255.6	138	158.8	-512	-2.6	225	3701	1697296132
52.380112	17.148403	3500	1067	255.6	138	158.8	-384	-2	225	3701	1697296135
52.378601	17.145996	3475	1059	253.7	137	157.7	-384	-2	224	3701	1697296138
52.377178	17.143694	3450	1052	255.6	138	158.8	-448	-2.3	224	3701	1697296141
52.375854	17.141571	3450	1052	255.6	138	158.8	-384	-2	223	3701	1697296144
52.371826	17.135239	3400	1036	251.9	136	156.5	-320	-1.6	224	3701	1697296153
52.369221	17.130432	3350	1021	248.2	134	154.2	-320	-1.6	232	3701	1697296159
52.36824	17.12792	3350	1021	244.5	132	151.9	-320	-1.6	239	3701	1697296162
52.367542	17.125566	3325	1013	242.6	131	150.8	-256	-1.3	244	3701	1697296165
52.36689	17.122663	3325	1013	238.9	129	148.5	-320	-1.6	251	3701	1697296168
52.366379	17.119446	3300	1006	240.8	130	149.6	-320	-1.6	257	3701	1697296171
52.36615	17.117004	3275	998	237.1	128	147.3	-320	-1.6	262	3701	1697296174
52.366058	17.114105	3275	998	237.1	128	147.3	-320	-1.6	268	3701	1697296177
52.366196	17.110825	3250	991	235.2	127	146.1	-256	-1.3	274	3701	1697296180
52.366425	17.108067	3250	991	233.4	126	145	-256	-1.3	279	3701	1697296183
52.366798	17.105242	3225	983	235.2	127	146.1	-320	-1.6	284	3701	1697296186
52.367294	17.102356	3200	975	237.1	128	147.3	-320	-1.6	286	3701	1697296189
52.367798	17.099609	3200	975	233.4	126	145	-192	-1	287	3701	1697296192
52.368301	17.096863	3200	975	231.5	125	143.8	-64	-0.3	287	3701	1697296195
52.368847	17.094099	3200	975	231.5	125	143.8	0	0	287	3701	1697296198
52.369354	17.091446	3200	975	229.6	124	142.7	0	0	287	3701	1697296201
52.369869	17.088684	3200	975	227.8	123	141.5	0	0	287	3701	1697296204
52.370384	17.086016	3200	975	229.6	124	142.7	0	0	288	3701	1697296207
52.370987	17.083191	3200	975	227.8	123	141.5	0	0	288	3701	1697296210
52.372524	17.0755	3200	975	224.1	121	139.2	-64	-0.3	288	3701	1697296219
52.374062	17.067732	3175	968	220.4	119	136.9	-128	-0.7	287	3701	1697296228
52.375645	17.059649	3125	953	227.8	123	141.5	-512	-2.6	287	3701	1697296238
52.377274	17.051468	3050	930	235.2	127	146.1	-576	-2.9	287	3701	1697296247
52.378857	17.043406	3000	914	231.5	125	143.8	-128	-0.7	287	3701	1697296256
52.380344	17.0354	3025	922	220.4	119	136.9	320	1.6	287	3701	1697296264
52.381836	17.02771	2975	907	218.5	118	135.8	-576	-2.9	287	3701	1697296273
52.383408	17.019882	2875	876	222.2	120	138.1	-704	-3.6	287	3701	1697296283
52.385002	17.01178	2750	838	222.2	120	138.1	-704	-3.6	287	3701	1697296292
52.386444	17.004324	2675	815	220.4	119	136.9	-640	-3.3	287	3701	1697296301
52.388031	16.996536	2525	770	194.5	105	120.8	-768	-3.9	288	3701	1697296310
52.389236	16.990591	2425	739	170.4	92	105.9	-768	-3.9	287	3701	1697296319
52.39032	16.984863	2350	716	138.9	75	86.3	-192	-1	286	3701	1697296328
52.39119	16.97998	2225	678	135.2	73	84	-704	-3.6	286	3701	1697296337
52.392014	16.975479	2150	655	125.9	68	78.3	-448	-2.3	286	3701	1697296346
52.39259	16.972464	2100	640	116.7	63	72.5	-320	-1.6	287	3701	1697296352
52.393333	16.968462	2075	632	118.5	64	73.6	-320	-1.6	287	3701	1697296361
52.394211	16.964111	2050	625	122.2	66	76	-256	-1.3	288	3701	1697296371
52.395149	16.959829	1975	602	124.1	67	77.1	-384	-2	288	3701	1697296379
52.396034	16.955435	1925	587	125.9	68	78.3	-384	-2	287	3701	1697296388
52.396912	16.950684	1875	572	135.2	73	84	-448	-2.3	286	3701	1697296398
52.39785	16.945784	1825	556	140.8	76	87.5	-384	-2	287	3701	1697296407
52.398872	16.940525	1750	533	144.5	78	89.8	-320	-1.6	287	3701	1697296416
52.399899	16.935268	1700	518	150	81	93.2	-384	-2	287	3701	1697296425